Workbook

Sheet testalino
B8: IDENTIFICAZIONE MANUFATTO METALLICO
B10: SOCIETA’/PRESIDIO SPECIALISTICO:
B12: CODICE IMMOBILIARE/TRAL:
B14: CODICE SITO:
B16: CODICE SITO REGIONALE:
B18: CLLI:
B20: COMUNE:
B22: INDIRIZZO
B24: TRALICCIO:
B25: PALO:
B26: PALO STRALLATO:
B27: RIPETITORE PASSIVO:
B28: ROOF TOP:
B29: SOPRALLUOGO EFFETTUATO IN DATA: | H29: 46218
B30: ESEGUITO DA:
B32: FIBERCOP
B33: CODICE SITO: | G33: NOME SITO:
B34: Indirizzo: | G34: Comune:
B35: Data sopralluogo: | E35: =H29 -> 46218 | G35: Tipologia Documento: Allegato fotografico Sopralluogo

Sheet sommario
B8: Sommario
B10: 1.Scheda tecnica sito……………………………………………………………………….3
B11: 2. Documentazione fotografica…………………………………………………………..14
B31: FIBERCOP
B32: CODICE SITO: | D32: =testalino!E33 -> 0 | G32: NOME SITO: | I32: =testalino!I33 -> 0
B33: Indirizzo: | D33: =testalino!E34 -> 0 | G33: Comune: | I33: =testalino!I34 -> 0
B34: Data sopralluogo: | D34: =testalino!E35 -> 46218 | G34: Tipologia Documento: Allegato fotografico Sopralluogo

Sheet scheda struttura
G3: SCHEDA TECNICA PALO
F4: XXXXX – XXXXX – XXXXX | K4: Rev.: | L4: 1
K6: Pagina: | L6: 1 di 11
B7: STRUTTURA METALLICA
B9: tipo di struttura: | H9: ubicazione: | J9: =testalino!E34 -> 0
C10: autoportante | H10: ditta costruttrice: | J10: non dichiarata
D11: strallata | H11: altezza totale*: | J11: 30 mt + H pennone
H12: dimensione di base Ø*:
H13: dimensione di sommità Ø*:
H14: anno d'installazione: | J14: non dichiarato
B16: UNIONE TRONCHI | F16: NUMERO TRONCHI | J16: CARATTERISTICHE PALI
F17: due tronchi | K17: 1° tronco* | M17: mt
B18: sovrapposti | F18: tre tronchi | K18: 2° tronco* | M18: mt
B19: flangiati | F19: quattro tronchi | K19: 3° tronco | M19: mt
B20: altro | C20: Pennone in testa flangiato | F20: altro | G20: Pennone in sommità | K20: 4° tronco | M20: mt
J21: *stimato
B22: SISTEMI ANTI-ACCESSO | F22: SCALA DI ACCESSO | J22: PIANEROTTOLI
B23: recinto di protezione | F23: alla marinara | J23: totale pianerottoli: | L23: 0 di lav. n°0
B24: scaletta asportabile | F24: soll | L24: di rip. n°0
B25: antisalita | F25: sfalsata sui pianerottoli | J25: in: | K25: lamiera striata
B26: botola guardiacorpo | F26: in unica campata | K26: lamiera stirata
B27: lucchetto | F27: guida anticaduta | H27: si | I27: no | K27: grigliato
B28: serratura | F28: guardiacorpo | H28: si | I28: no
B29: chiave | J29: lama fermapiede: | L29: perimetrale
B30: da ritirare presso: | L30: assente
B32: CONTROLLI | F32: OSSERVAZIONI | J32: PROVVEDIMENTI
B33: ESAME GENERALE DELLA STRUTTURA PORTANTE E CONTROLLO DI EVENTUALI LESIONI E ANOMALIE COSTRUTTIVE | F33: Nessuna | J33: Nessuno
B34: VERIFICA DEL SISTEMA ANTI-ACCESSO ALLA STRUTTURA METALLICA ED ESAME DELL'AREA CIRCOSTANTE | F34: Nessuna | J34: Nessuno

Sheet scheda struttura (2)
F3: SCHEDA TECNICA PALO
K4: Rev.: | L4: 1
K5: Pagina: | L5: 2 di 11
B6: STRUTTURA METALLICA
B7: CONTROLLI | F7: OSSERVAZIONI | J7: PROVVEDIMENTI
B8: ESAME SCALE DI ACCESSO | F8: Nessuna | J8: Nessuno
B9: ESAME DEI PIANEROTTOLI | F9: Nessuna | J9: Nessuno
B10: CARTELLONISTICA DI SICUREZZA | F10: Nessuna | J10: Nessuno
C12: Schema struttura

Sheet organi radianti
F3: SCHEDA TECNICA PALO
K4: Rev.: | L4: 1
K5: Pagina: | L5: 3 di 11
B6: ORGANI RADIANTI E GUIDE D'ONDA
B8: totale antenne: | E8: 3 | F8: antenne per cella: | H8: 3
C10: lunghezza in mt*
C11: quota in mt*
C12: orientamento
C14: totale parabole: | E14: 3
C16: Ø *
C17: quota in mt*
C18: gradi
C20: presenza di elementi obsoleti sulla struttura: | I20: si | J20: no
C21: posizione:
C22: descrizione:
D23: note:
B25: SISTEMI DI SOSTEGNO GUIDE D'ONDA
B26: calata sul perimetro della struttura
B27: calate interne alla struttura
B29: schema elementi di fissaggio guide d'onda
E31: lungh. | F31: 2
E33: largh. | F33: 0.3
B37: percorso orizzontale:
C38: Scende dal palo
C39: si infila nello shelter

Sheet organi radianti (2)
F3: SCHEDA TECNICA PALO
K4: Rev.: | L4: 1
K5: Pagina: | L5: 4 di 11
B6: ORGANI RADIANTI E GUIDE D'ONDA
B7: CONTROLLI | F7: OSSERVAZIONI | J7: PROVVEDIMENTI
B8: ESAME DEGLI ATTACCHI PARABOLE E/O DELLE CELLE RADIOMOBILI | F8: PRESENZA DI BULLONI OSSIDATI | J8: SOSTITUZIONE BULLONERIA OSSIDATA
B9: ESAME SUPPORTI DI SOSTEGNO E MORSETTI DI FISSAGGIO PER CAVI E GUIDE | F9: nessuno | J9: nessuno
B10: ESAME DELLA PASSERELLA PORTACAVI | F10: nessuno | J10: nessuno
B11: ESAME DEL PASSANTE STAGNO | F11: nessuno | J11: nessuno
B12: VERIFICA DEI COLLEGAMENTI A MASSA DEI CAVI COAX LATO PASSANTE STAGNO E DEL PASSANTE STAGNO | F12: nessuno | J12: nessuno

Sheet BULLONERIA
F3: SCHEDA TECNICA PALO
K4: Rev.: | L4: 1
K5: Pagina: | L5: 5 di 11
B6: BULLONERIA
B7: tipo: | F7: zincatura elettrolitica | L7: assente
J8: antisvitamento: | L8: pall - nuts
F9: zincatura a bagno | L9: rond groover
B11: SERRAGGIO PER CAMPIONATURA CON CHIAVE DINAMOMETRICA
C13: strumento utilizzato: | F13: CHIAVE DINAMOMETRICA USAG 810N
C14: matricola n°: | E14: U08104006 | H14: scadenza taratura: | K14: 46569
C16: condizioni della prova: | F16: temperatura atmosferica | J16: °C
F17: temperatura sup. metallo | J17: °C
B19: ELEMENTO MISURATO
B20: Attacchi scala
B24: N° CAMPIONI | D24: DIAMETRO | F24: CLASSE | H24: COPPIA DI SERRAGGIO | K24: RISULTATI PROVE
B25: >20% | D25: 19 | F25: 6.8 | H25: 100
B27: >20% | D27: 24 | F27: 8.8 | H27: 100
B38: CONTROLLI | F38: OSSERVAZIONI | J38: PROVVEDIMENTI
B39: ESAME E CONTROLLO DELLA BULLONERIA | F39: PRESENZA DI BULLONI OSSIDATI | J39: SOSTITUIRE BULLONERIA OSSIDATA
B40: Visita di controllo ai sensi della norma CNR - UNI 10011 art. 11,3

Sheet VERNICIATURA
F3: SCHEDA TECNICA PALO
K4: Rev.: | L4: 1
K5: Pagina: | L5: 6 di 11
B6: ESAME DELLA PROTEZIONE ANTIOSSIDO E DELLA VERNICIATURA
B7: protezione | D7: assente | F7: zincatura a caldo | J7: zincatura a freddo
B8: verniciatura | D8: assente | F8: parziale | H8: totale | J8: colore
D9: sov diurno | F9: si | G9: no
B11: RILIEVI PER CAMPIONATURA CON SPESSIMETRO DELLA VERNICIATURA
B12: strumento utilizzato: | H12: ELEMENTO MISURATO | K12: VALORE RILEVATO
B13: matr. n°:
B14: scadenza taratura:
C15: condizioni della prova:
B16: temperatura atmosferica | F16: °C
B17: temperatura sup. metallo | F17: °C
B19: Presenza di ossidazione sulla struttura:
F20: si | H20: no
B21: ubicazione tracce di ossidazione:
B22: pianerottoli | E22: struttura metallica | H22: attacchi parabola | K22: fondazioni
B23: attacchi celle | E23: passerella portacavi | H23: scale di salita | K23: recinzione
B24: passerella | E24: asta parafulmine | H24: altro: | I24: morsetti dei cavi messa a terra impianti
B26: asta paraf. | K26: attacchi parabole
K29: attacchi celle
B31: scale di salita
K32: struttura metallica
K34: passante stagno
C35: passerella
C37: fondazioni
K38: recinzione

Sheet VERNICIATURA (2)
F3: SCHEDA TECNICA PALO
K4: Rev.: | L4: 1
K5: Pagina: | L5: 7 di 11
B6: ESAME DELLA PROTEZIONE ANTIOSSIDO E DELLA VERNICIATURA
B7: CONTROLLI | F7: OSSERVAZIONI | J7: PROVVEDIMENTI
B8: ESAME DELLA PROTEZIONE ANTIOSSIDO E DELLA VERNICIATURA | F8: nessuna | J8: nessuno

Sheet fondazioni
F3: SCHEDA TECNICA PALO
K4: Rev.: | L4: 1
K5: Pagina | L5: 8 di 11
B6: FONDAZIONI
B7: TIPOLOGIA* | F7: ANCORAGGI* | J7: NOTE
C10: Pianta struttura
B34: CONTROLLI | F34: OSSERVAZIONI | J34: PROVVEDIMENTI
B35: ESAME DEL PLINTO | F35: nessuna | J35: nessuno
B36: CONTROLLO BULLONI DI ANCORAGGIO E TIRAFONDI | F36: nessuna | J36: nessuno
B37: VERIFICA AREA STRUTTURA | F37: nessuna | J37: nessuno

Sheet terra
F3: SCHEDA TECNICA PALO
K4: Rev.: | L4: 1
K5: Pagina | L5: 9 di 11
B6: IMPIANTO DI TERRA E PARAFULMINE
B7: tipo di dispersore | E7: puntazza
C9: corda | E9: rame | G9: nudo | J9: sezione | K9: in mmq | L9: 50
C10: corda g/v
C11: bandella
C12: filo | E12: acciaio | G12: isolato
B15: calate sulla struttura | E15: si | F15: no | G15: n° | H15: calate sull'edificio | K15: si no n°
B17: collegamento alla terra di centrale | F17: si | G17: no
B19: collegamento alla gabbia di faraday | F19: si | G19: no
B21: note: | C21: Messa a terra puntazza
B25: IMPIANTO PARAFULMINE
B26: presente | D26: si | E26: no | H26: asta frankliana | J26: si | K26: no
C28: note:
B32: schema dell'impianto:
B35: CONTROLLI | F35: OSSERVAZIONI | J35: PROVVEDIMENTI
B36: VERIFICA DELLA MESSA A TERRA DELLA STRUTTURA | F36: nessuna | J36: nessuno
B39: VERIFICA DELL'IMPIANTO PARAFULMINE | F39: nessuna | J39: nessuno

Sheet sov
F3: SCHEDA TECNICA PALO
K4: Rev.: | L4: 1
K5: Pagina: | L5: 10 di 11
B6: SOV ED IMPIANTO ELETTRICO
C8: sov diurno | E8: assente | G8: solo terzo superiore | K8: totale
C9: corretta alternanza settori della sequenza rosso-bianco-rosso | K9: si | L9: no
C11: l'impianto sov notturno è presente: | G11: si | I11: no
C12: numero segnalatori luminosi n°
C13: altezza massima sov notturno: | I13: in cima | J13: intermedia ( h = | M13: )
E15: i segnalatori luminosi sono del tipo:
E16: a doppia lampada (e/r)
E17: a singola lampada
E18: altro
D19: tutti funzionanti: | G19: si | H19: no
C21: i cavi di alimentazione o le guaine portacavi sono fissate alla struttura | K21: si | L21: no
C22: le calate sono: | E22: interne alla sagoma | I22: lungo i montanti
C23: attraverso un sistema che risulta allo stato odierno:
D24: idoneo, ben saldo e integro;
D25: danneggiato nelle seguenti parti:
B28: quadro elettrico:
C29: alimentazione: | E29: c/c | F29: c/a | H29: da rete | I29: da batterie
C30: interruttore crepuscolare: | G30: si | I30: no
C31: alimentatore (UPS): | G31: si | I31: no
C32: scaricatori | G32: si | I32: no
C33: il quadro elettrico risulta: | G33: integro nelle sue componenti, si apre e si chiude regolarmente e le guarnizioni di tenuta ed i pressacavi sono integri. Al suo interno non compaiono traccie d'acqua, di ossido e di quant'altro possa precluderne la funzionalità.
G37: danneggiato nelle seguenti parti:

Sheet riferimenti normativi
F3: SCHEDA TECNICA PALO
K4: Rev.: | L4: 1
K5: Pagina: | L5: 11 di 11
B6: RISPONDENZA NORMATIVA
C8: Corrispondenza della struttura ai disegni di riferimento forniti | K8: si | L8: no
B9: Rispondenza normativa dei pianerottoli
C10: Numero totale dei parapetti installati | H10: di altezza utile pari a | L10: mt
C11: Definibili parapetti normali (altezza utile di almeno un metro, buono stato di conservazione, resistenti, costituiti da almeno due correnti distanti tra loro non più di mm 500 ed idonei per resistere all'impiego ed alle condizioni ambientali)
K13: si | L13: no
C14: Verifica dell'efficienza dei sistemi di anti-salita installati sul sito | K14: si | L14: no
C15: Ogni singolo parapetto è completo di fascia continua distante al massimo 10 mm dal piano di calpestio ed alta almeno 150 mm
K16: si | L16: no
C17: Regolare funzionamento del dispositivo anticaduta (per scale safety o soll)
K18: si | L18: no
B19: Rispondenza normativa della bulloneria
C20: I bulloni utilizzati sulla struttura risultano idonei per le attuali normative | K20: si | L20: no
C21: Bulloneria considerata obsoleta o fuori norma | I21: tipo | K21: settore
B22: Verifica del sistemi antiaccesso alla struttura ed esame dell'area circostante
C23: Il sistema di antiaccesso alla struttura è installato regolarmente ed è efficiente al momento della prova
K24: si | L24: no
C25: La recinzione dell'area del sito è integra, i cancelli di accesso ed i relativi dispositivi di sicurezza risultano funzionanti e liberi nel movimento
K26: si | L26: no
C27: L'area del sito risulta libera da materiali di scarto o obsoleti | K27: si | L27: no
C28: Presenza di cartellonistica di sicurezza completa e ben visibile | K28: si | L28: no
B29: Scale di salita
C30: tipo (vedere fascicolo di verifica manufatti metallici - scala di accesso)
C31: la scala di salita risulta sicura e rispondente a norma | K31: si | L31: no
C33: note: | D33: La Committenza, non ha fornito progetti esecutivi e/o di massima di riferimento
D34: *le dimensioni sono state dedotte da foto
D35: Palo strutturalmente integro, in discreto stato conservativo complessivo. Si raccomanda la sostituzione dei bulloni ossidati presenti sulle carpenterie in quota.
C44: data di emissione | F44: redatto | I44: approvato
C45: =testalino!H29 -> 46218 | F45: Ing. Stefano Lenti | I45: =F45 -> Ing. Stefano Lenti

Sheet inquadramento
B8: Documentazione fotografica
E25: 1_Inquadramento Generale
B31: FIBERCOP
B32: CODICE SITO: | D32: =testalino!E33 -> 0 | G32: NOME SITO: | I32: =testalino!I33 -> 0
B33: Indirizzo: | D33: =testalino!E34 -> 0 | G33: Comune: | I33: =testalino!I34 -> 0
B34: Data sopralluogo: | D34: =testalino!E35 -> 46218 | G34: Tipologia Documento: Allegato fotografico Sopralluogo

Sheet vista 1
F29: 2_Vista palo
B31: FIBERCOP
B32: CODICE SITO: | D32: =testalino!E33 -> 0 | G32: NOME SITO: | I32: =testalino!I33 -> 0
B33: Indirizzo: | D33: =testalino!E34 -> 0 | G33: Comune: | I33: =testalino!I34 -> 0
B34: Data sopralluogo: | D34: =testalino!E35 -> 46218 | G34: Tipologia Documento: Allegato fotografico Sopralluogo

Sheet vista 2
D29: 3_Dettaglio antenne e parabole
B31: FIBERCOP
B32: CODICE SITO: | D32: =testalino!E33 -> 0 | G32: NOME SITO: | I32: =testalino!I33 -> 0
B33: Indirizzo: | D33: =testalino!E34 -> 0 | G33: Comune: | I33: =testalino!I34 -> 0
B34: Data sopralluogo: | D34: =testalino!E35 -> 46218 | G34: Tipologia Documento: Allegato fotografico Sopralluogo

Sheet vista 3
D29: 4_Dettaglio base del palo
B31: FIBERCOP
B32: CODICE SITO: | D32: =testalino!E33 -> 0 | G32: NOME SITO: | I32: =testalino!I33 -> 0
B33: Indirizzo: | D33: =testalino!E34 -> 0 | G33: Comune: | I33: =testalino!I34 -> 0
B34: Data sopralluogo: | D34: =testalino!E35 -> 46218 | G34: Tipologia Documento: Allegato fotografico Sopralluogo
