Workbook

Sheet testalino
B8: IDENTIFICAZIONE MANUFATTO METALLICO
B10: SOCIETA’/PRESIDIO SPECIALISTICO:
B12: CODICE IMMOBILIARE/TRAL:
B14: CODICE SITO: | H14: 0
B16: CODICE SITO REGIONALE:
B18: CLLI:
B20: COMUNE:
B21: INDIRIZZO:
B23: PALO:
B24: PALO STRALLATO:
B25: RIPETITORE PASSIVO:
B26: ROOF TOP:
B28: SOPRALLUOGO EFFETTUATO IN DATA: | H28: 46218
B29: ESEGUITO DA:
B32: CODICE SITO: | G32: NOME SITO:
B33: Indirizzo: | G33: Comune:
B34: Data sopralluogo: | E34: 46218 | G34: Tipologia Documento: Allegato fotografico Sopralluogo

Sheet sommario
B8: Sommario
B10: 1.Scheda tecnica sito……………………………………………………………………….3
B11: 2. Documentazione fotografica…………………………………………………………..13
B32: CODICE SITO: | D32: =testalino!E32 -> 0 | G32: NOME SITO: | I32: =testalino!I32 -> 0
B33: Indirizzo: | D33: =testalino!E33 -> 0 | G33: Comune: | I33: =testalino!I33 -> 0
B34: Data sopralluogo: | D34: =testalino!E34 -> 46218 | G34: Tipologia Documento: Allegato fotografico Sopralluogo

Sheet scheda struttura
F2: SCHEDA TECNICA STRUTTURA IN COPERTURA
K4: Rev.: | L4: 1
K5: Pagina: | L5: 1 di 10
B7: STRUTTURA METALLICA
B9: tipo di struttura: | H9: ubicazione: | J9: VIA DEL SANTUARIO, SNC
C10: Flangiato Roof-Top | H10: ditta costruttrice:
D11: Strallata | H11: altezza totale: | J11: h edificio: 20 m + h palo
H12: dimensione di base Ø:
H13: dimensione di sommità Ø:
H14: anno d'installazione:
B16: ACCESSO E LOCAZIONE
C18: Il manufatto si trova --------------- di proprietà --------------- , e risulta non essere accessibile da parte di personale non autorizzato.
C19: L'accesso all'impianto risulta possibile attraverso:
D20: badge
D21: chiave da ritirare presso:
C23: Il manufatto è ubicato sul tetto di un edificio --------------- sede della ---------------, e risulta non essere accessibile da parte di personale non autorizzato.
C24: L'accesso al terrazzo/balcone sul quale è ubicato il manufatto risulta possibile attraverso:
D25: badge
D26: chiave da ritirare presso:
C27: Il manufatto è ubicato sul terrazzo dello stabile, adibito ad abitazione, di VIA DEL SANTUARIO, SNC . L'accesso al terrazzo è impedito da porta con chiave, mentre il sito non risulta protetto da recizione con cancello.
C29: L'accesso al terrazzo/balcone sul quale è ubicato il manufatto risulta possibile attraverso:
B31: CARATTERISTICHE STRUTTURA
C33: Il manufatto metallico è costituito da profilati in carpenteria metallica, assemblati tramite:
C34: coprigiunti | E34: sovrapposti | G34: saldature | I34: flangiati | K34: incastrati
C35: altro:
C37: Gli organi radianti sono fissati su elementi vari, di tipo:
C38: misto | E38: tubolare | G38: angolare | I38: altro:
C40: Eventuali manutenzioni e/o interventi sugli organi radianti sono possibili grazie a scale:
C41: soll | E41: alla marinara | G41: rispondenti alle normative vigenti: | K41: si | L41: no
C43: E' possibile che tali strutture non presentino questi elementi rendendo necessario l'uso di sistemi suppletivi quali ponteggi o scale a mano
B45: CONTROLLI | F45: OSSERVAZIONI | J45: PROVVEDIMENTI
B46: ESAME GENERALE DELLA STRUTTURA PORTANTE E CONTROLLO DI EVENTUALI LESIONI E ANOMALIE COSTRUTTIVE | F46: Nessuna | J46: Nessuno
B47: VERIFICA DEL SISTEMA ANTI-ACCESSO ALLA STRUTTURA METALLICA ED ESAME DELL'AREA CIRCOSTANTE | F47: Nessuna | J47: Nessuno

Sheet scheda struttura (2)
F3: SCHEDA TECNICA PALO
K4: Rev.: | L4: 1
K5: Pagina: | L5: 2 di 10
B6: STRUTTURA METALLICA
B7: CONTROLLI | F7: OSSERVAZIONI | J7: PROVVEDIMENTI
B8: ESAME SCALE DI ACCESSO | F8: nessuna | J8: nessuno
B9: ESAME DEI PIANEROTTOLI | F9: nessuna | J9: nessuno
B10: CARTELLONISTICA DI SICUREZZA | F10: nessuna | J10: nessuno
C12: Schema struttura

Sheet organi radianti
F3: SCHEDA TECNICA PALO
K4: Rev.: | L4: 1
K5: Pagina: | L5: 3 di 10
B6: ORGANI RADIANTI E GUIDE D'ONDA
B8: totale celle radiomobili: | E8: 3 | F8: antenne per cella: | H8: 1
C10: lunghezza in mt
C11: quota in mt
C12: orientamento
C14: totale parabole: | E14: 2
C16: Ø
C17: quota
C18: gradi
C20: presenza di elementi obsoleti sulla struttura: | I20: si | J20: no
C21: posizione:
C22: descrizione:
D23: note:
B25: SISTEMI DI SOSTEGNO GUIDE D'ONDA
B26: calata sul perimetro della struttura
B27: calate interne alla struttura
B29: schema elementi di fissaggio guide d'onda
E31: lungh.
E33: largh.
B37: percorso orizzontale:

Sheet organi radianti (2)
F3: SCHEDA TECNICA PALO
K4: Rev.: | L4: 1
K5: Pagina: | L5: 4 di 10
B6: ORGANI RADIANTI E GUIDE D'ONDA
B7: CONTROLLI | F7: OSSERVAZIONI | J7: PROVVEDIMENTI
B8: ESAME DEGLI ATTACCHI PARABOLE E/O DELLE CELLE RADIOMOBILI | F8: nessuna | J8: nessuno
B9: ESAME SUPPORTI DI SOSTEGNO E MORSETTI DI FISSAGGIO PER CAVI E GUIDE | F9: nessuna | J9: nessuno
B10: ESAME DELLA PASSERELLA PORTACAVI | F10: nessuna | J10: nessuno
B11: ESAME DEL PASSANTE STAGNO | F11: nessuna | J11: nessuno
B12: VERIFICA DEI COLLEGAMENTI A MASSA DEI CAVI COAX LATO PASSANTE STAGNO E DEL PASSANTE STAGNO | F12: nessuna | J12: nessuno

Sheet BULLONERIA
F3: SCHEDA TECNICA PALO
K4: Rev.: | L4: 1
K5: Pagina: | L5: 5 di 10
B6: BULLONERIA
B7: tipo: | F7: zincatura elettrolitica | L7: assente
J8: antisvitamento: | L8: pall - nuts
F9: zincatura a bagno | L9: rond groover
B11: SERRAGGIO PER CAMPIONATURA CON CHIAVE DINAMOMETRICA
C13: strumento utilizzato: | F13: CHIAVE DINAMOMETRICA USAG 810N
D14: matricola n°: | F14: U08104006 | H14: scadenza taratura: lug 27
C16: condizioni della prova: | F16: temperatura atmosferica
F17: temperatura sup. metallo
B19: ELEMENTO MISURATO
B24: N° CAMPIONI | D24: DIAMETRO | F24: CLASSE | H24: COPPIA DI SERRAGGIO | K24: RISULTATI PROVE
B25: >20% | D25: 19 | F25: 8.8 | H25: 100
B33: osservazioni sulle prove eseguite:
B38: CONTROLLI | F38: OSSERVAZIONI | J38: PROVVEDIMENTI
B39: ESAME E CONTROLLO DELLA BULLONERIA | F39: PRESENZA DI BULLONERIA OSSIDATA | J39: SOSTITUIRE BULLONERIA OSSIDATA
B40: Visita di controllo ai sensi della norma CNR - UNI 10011 art. 11,3

Sheet VERNICIATURA
F3: SCHEDA TECNICA PALO
K4: Rev.: | L4: 1
K5: Pagina: | L5: 6 di 10
B6: ESAME DELLA PROTEZIONE ANTIOSSIDO E DELLA VERNICIATURA
B7: protezione | D7: assente | F7: zincatura a caldo | J7: zincatura a freddo
B8: verniciatura | D8: assente | F8: parziale | H8: totale | J8: colore
D9: sov diurno | F9: si | G9: no
B11: RILIEVI PER CAMPIONATURA CON SPESSIMETRO DELLA VERNICIATURA
B12: strumento utilizzato: | H12: ELEMENTO MISURATO | K12: VALORE RILEVATO
B13: matr. n°:
B14: scadenza taratura:
C15: condizioni della prova:
B16: temperatura atmosferica | F16: °C
B17: temperatura sup. metallo | F17: °C
B19: Presenza di ossidazione sulla struttura:
F20: si | H20: no
B21: ubicazione tracce di ossidazione:
B22: pianerottoli | E22: struttura metallica | H22: attacchi parabola | K22: fondazioni
B23: attacchi celle | E23: passerella portacavi | H23: scale di salita | K23: recinzione
B24: passerella | E24: asta parafulmine | H24: altro: | I24: bulloni
B26: asta paraf. | K26: attacchi parabole
B28: pianerottoli
K29: attacchi celle
B31: scale di salita
K32: struttura metallica
K34: passante stagno
C35: passerella
C37: fondazioni
K38: recinzione

Sheet fondazioni 
F3: SCHEDA TECNICA PALO
K4: Rev.: | L4: 1
K5: Pagina | L5: 8 di 12
B6: FONDAZIONI
B7: TIPOLOGIA | F7: ANCORAGGI | J7: NOTE
B34: CONTROLLI | F34: OSSERVAZIONI | J34: PROVVEDIMENTI
B35: ESAME DEL PLINTO | F35: nessuna | J35: nessuno
B36: CONTROLLO BULLONI DI ANCORAGGIO E TIRAFONDI | F36: nessuna | J36: nessuno
B37: VERIFICA AREA STRUTTURA | F37: nessuna | J37: nessuno

Sheet VERNICIATURA (2)
F3: SCHEDA TECNICA ROOFTOP
K4: Rev.: | L4: 1
K5: Pagina: | L5: 7 di 10
B6: ESAME DELLA PROTEZIONE ANTIOSSIDO E DELLA VERNICIATURA
B7: CONTROLLI | F7: OSSERVAZIONI | J7: PROVVEDIMENTI
B8: ESAME DELLA PROTEZIONE ANTIOSSIDO E DELLA VERNICIATURA | F8: nessuna | J8: nessuno

Sheet terra
F3: SCHEDA TECNICA PALO
K4: Rev.: | L4: 1
K5: Pagina | L5: 8 di 10
B6: IMPIANTO DI TERRA E PARAFULMINE
B7: tipo di dispersore
C9: corda | E9: rame | G9: nudo | J9: sezione | K9: in mmq
C10: corda g/v
C11: bandella
C12: filo | E12: acciaio | G12: isolato
B15: calate sulla struttura | E15: si | F15: no | G15: n° | H15: calate sull'edificio | K15: si no n°
B17: collegamento alla terra di centrale | F17: si | G17: no
B19: collegamento alla gabbia di faraday | F19: si | G19: no
B21: note:
B25: IMPIANTO PARAFULMINE
B26: presente | D26: si | E26: no | H26: asta frankliana | J26: si | K26: no
C28: note:
B32: schema dell'impianto:
B36: CONTROLLI | F36: OSSERVAZIONI | J36: PROVVEDIMENTI
B37: VERIFICA DELLA MESSA A TERRA DELLA STRUTTURA | F37: nessuna | J37: nessuno
B39: VERIFICA DELL'IMPIANTO PARAFULMINE | F39: nessuna | J39: nessuno

Sheet sov
F3: SCHEDA TECNICA PALO
K4: Rev.: | L4: 1
K5: Pagina: | L5: 9 di 10
B6: SOV ED IMPIANTO ELETTRICO
C8: sov diurno | E8: assente | G8: solo terzo superiore | K8: totale
C9: corretta alternanza settori della sequenza rosso-bianco-rosso | K9: si | L9: no
C11: l'impianto sov notturno è presente: | G11: si | I11: no
C12: numero segnalatori luminosi n°
C13: altezza massima sov notturno: | I13: in cima | J13: intermedia ( h = | M13: )
E15: i segnalatori luminosi sono del tipo:
E16: a doppia lampada (e/r)
E17: a singola lampada
E18: altro
D19: tutti funzionanti: | G19: si | H19: no
C21: i cavi di alimentazione o le guaine portacavi sono fissate alla struttura | K21: si | L21: no
C22: le calate sono: | E22: interne alla sagoma | I22: lungo i montanti
C23: attraverso un sistema che risulta allo stato odierno:
D24: idoneo, ben saldo e integro;
D25: danneggiato nelle seguenti parti:
B28: quadro elettrico:
C29: alimentazione: | E29: c/c | F29: c/a | H29: da rete | I29: da batterie
C30: interruttore crepuscolare: | G30: si | I30: no
C31: alimentatore (UPS): | G31: si | I31: no
C32: scaricatori | G32: si | I32: no
C33: il quadro elettrico risulta: | G33: integro nelle sue componenti, si apre e si chiude regolarmente e le guarnizioni di tenuta ed i pressacavi sono integri. Al suo interno non compaiono traccie d'acqua, di ossido e di quant'altro possa precluderne la funzionalità.
G37: danneggiato nelle seguenti parti:

Sheet riferimenti normativi
F3: SCHEDA TECNICA
F4: STRUTTURA IN COPERTURA | K4: Rev.: | L4: 1
K5: Pagina: | L5: 10 di 10
B6: RISPONDENZA NORMATIVA
C8: Corrispondenza della struttura ai disegni di riferimento forniti | K8: si | L8: no
B9: Rispondenza normativa dei pianerottoli
C10: Numero totale dei parapetti installati | H10: di altezza utile pari a | L10: mt
C11: Definibili parapetti normali (altezza utile di almeno un metro, buono stato di conservazione, resistenti, costituiti da almeno due correnti distanti tra loro non più di mm 500 ed idonei per resistere all'impiego ed alle condizioni ambientali)
K13: si | L13: no
C14: Verifica dell'efficienza dei sistemi di anti-salita installati sul sito | K14: si | L14: no
C15: Ogni singolo parapetto è completo di fascia continua distante al massimo 10 mm dal piano di calpestio ed alta almeno 150 mm
K16: si | L16: no
C17: Regolare funzionamento del dispositivo anticaduta (per scale safety o soll)
K18: si | L18: no
B19: Rispondenza normativa della bulloneria
C20: I bulloni utilizzati sulla struttura risultano idonei per le attuali normative | K20: si | L20: no
C21: Bulloneria considerata obsoleta o fuori norma | I21: tipo | K21: settore
B22: Verifica del sistemi antiaccesso alla struttura ed esame dell'area circostante
C23: Il sistema di antiaccesso alla struttura è installato regolarmente ed è efficiente al momento della prova
K24: si | L24: no
C25: La recinzione dell'area del sito è integra, i cancelli di accesso ed i relativi dispositivi di sicurezza risultano funzionanti e liberi nel movimento
K26: si | L26: no
C27: L'area del sito risulta libera da materiali di scarto o obsoleti | K27: si | L27: no
C28: Presenza di cartellonistica di sicurezza completa e ben visibile | K28: si | L28: no
B29: Scale di salita
C30: tipo (vedere fascicolo di verifica manufatti metallici - scala di accesso)
C31: la scala di salita risulta sicura e rispondente a norma | K31: si | L31: no
C33: note: | D33: La Committenza, non ha fornito progetti esecutivi e/o di massima di riferimento.
D34: si consiglia pertanto una revisione del presente documento alla luce di un'analisi documentale e di verifica statica per analisi del tasso di lavoro della struttura al fine di valutare possibili irrobustimenti della stessa oltre alle altre note qui presenti. PER LA SALITA IN QUOTA E' NECESSARIO L'UTILIZZO DI UN CESTELLO ELEVATORE IN QUANTO; LA STRUTTURA E' SPROVVISTA DI SCALA DI RISALITA. SOSTITUIRE BULLONERIA OSSIDATA; SISTEMARE CAVI CON APPOSITE FASCIATURE/FIMO. Non si riportano differenze visive né di carico né di peggioramento della struttura rispetto ai sopralluoghi da noi effettuati nell'anno 2024.
C44: data di emissione | F44: tecnico abilitato | I44: Direttore Tecnico
C45: 46218 | F45: Ing. Stefano Lenti | I45: =F45 -> Ing. Stefano Lenti

Sheet inquadramento
B8: Documentazione fotografica
E25: 1_Inquadramento Generale
B32: CODICE SITO: | D32: =[1]testalino!E37 -> 0 | G32: NOME SITO: | I32: =[1]testalino!I37 -> 0
B33: Indirizzo: | D33: =[1]testalino!E38 -> 0 | G33: Comune: | I33: =[1]testalino!I38 -> 0
B34: Data sopralluogo: | D34: =[1]testalino!H33 -> 46218 | G34: Tipologia Documento: Allegato fotografico Sopralluogo

Sheet vista 1
E29: 2_Vista generale del sito
B32: CODICE SITO: | D32: =[1]testalino!E37 -> 0 | G32: NOME SITO: | I32: =[1]testalino!I37 -> 0
B33: Indirizzo: | D33: =[1]testalino!E38 -> 0 | G33: Comune: | I33: =[1]testalino!I38 -> 0
B34: Data sopralluogo: | D34: =[1]testalino!H33 -> 46218 | G34: Tipologia Documento: Allegato fotografico Sopralluogo

Sheet vista 1.1
E29: 3_Vista dettaglio antenne
B32: CODICE SITO: | D32: =[1]testalino!E37 -> 0 | G32: NOME SITO: | I32: =[1]testalino!I37 -> 0
B33: Indirizzo: | D33: =[1]testalino!E38 -> 0 | G33: Comune: | I33: =[1]testalino!I38 -> 0
B34: Data sopralluogo: | D34: =[1]testalino!H33 -> 46218 | G34: Tipologia Documento: Allegato fotografico Sopralluogo

Sheet vista 2
D30: 4_Dettaglio Cavi da sistemare con Fasciature/fimo
B32: CODICE SITO: | D32: =[1]testalino!E37 -> 0 | G32: NOME SITO: | I32: =[1]testalino!I37 -> 0
B33: Indirizzo: | D33: =[1]testalino!E38 -> 0 | G33: Comune: | I33: =[1]testalino!I38 -> 0
B34: Data sopralluogo: | D34: =[1]testalino!H33 -> 46218 | G34: Tipologia Documento: Allegato fotografico Sopralluogo

Sheet vista 3
D25: 4_Dettaglio fissaggio dello strallo alla struttura portante
B32: CODICE SITO: | D32: =[1]testalino!E37 -> 0 | G32: NOME SITO: | I32: =[1]testalino!I37 -> 0
B33: Indirizzo: | D33: =[1]testalino!E38 -> 0 | G33: Comune: | I33: =[1]testalino!I38 -> 0
B34: Data sopralluogo: | D34: =[1]testalino!H33 -> 46218 | G34: Tipologia Documento: Allegato fotografico Sopralluogo
