Workbook

Sheet testalino
B8: IDENTIFICAZIONE MANUFATTO METALLICO
B10: SOCIETA’/PRESIDIO SPECIALISTICO:
B12: CODICE IMMOBILIARE/TRAL:
B14: CODICE SITO: | H14: 0
B16: CODICE SITO REGIONALE:
B18: CLLI:
B20: COMUNE:
B22: INDIRIZZO:
G26: TIPOLOGIA MANUFATTO METALLICO
B28: TRALICCIO:
B29: PALO:
B30: PALO STRALLATO:
B31: RIPETITORE PASSIVO:
B32: ROOF TOP:
B33: SOPRALLUOGO EFFETTUATO IN DATA: | H33: 46218
B34: ESEGUITO DA:
B37: CODICE SITO: | G37: NOME SITO:
B38: Indirizzo: | G38: Comune:
B39: Data sopralluogo: | E39: 46218 | G39: Tipologia Documento: Allegato fotografico Sopralluogo

Sheet sommario
B8: Sommario
B10: 1.Scheda tecnica sito……………………………………………………………………….3
B11: 2. Documentazione fotografica…………………………………………………………..14
B32: CODICE SITO: | D32: =testalino!E37 -> 0 | G32: NOME SITO: | I32: =testalino!I37 -> 0
B33: Indirizzo: | D33: =testalino!E38 -> 0 | G33: Comune: | I33: =testalino!I38 -> 0
B34: Data sopralluogo: | D34: =testalino!H33 -> 46218 | G34: Tipologia Documento: Allegato fotografico Sopralluogo

Sheet scheda struttura
F3: SCHEDA TECNICA
F4: STRUTTURA AUTOPORTANTE | K4: Rev.: | L4: 1
F5: XXXXX – XXXXX – XXXXX
K6: Pagina: | L6: 1 di 11
B7: STRUTTURA METALLICA
B9: tipo di struttura: | H9: Indirizzo: | J9: =[1]testalino!E38 -> LOCALITA' COSTE
H10: altezza totale mt:
C11: autoportante | H11: forma base:
H12: dimensione di base mt:
H13: dimensione sommità mt:
H14: anno d'installazione: | K14: non dichiarato
B16: UNIONE MONTANTI | E16: UNIONE TRALICCI | H16: TIPO | K16: FORMA
B17: coprigiunto | E17: sezione aperta | H17: angolare | K17: rastremata
B18: sovrapposti | E18: tubo a paletta | H18: tubolare
B19: flangiati | E19: tubo schiacciato | H19: mista | K19: parallela
B20: altro | E20: tubo saldato | H20: altro | K20: altro
B22: SISTEMI ANTI-ACCESSO | F22: SCALA DI ACCESSO | J22: PIANEROTTOLI
B23: recinto di protezione | F23: alla marinara | J23: totale pianerottoli: | L23: 6 di lav. N°3
B24: scaletta asportabile | F24: a rampe | L24: di rip. N°3
B25: cancelletto su scala | F25: lungo il perimetro | J25: in: | K25: lamiera striata
B26: botola guardiacorpo | F26: lungo i montanti | K26: lamiera stirata
B27: lucchetto | F27: sfalsata sui pianerottoli | K27: grigliato
B28: serratura | F28: in unica campata
B29: chiave | F29: fissata alla base | H29: si | I29: no | J29: lama fermapiede: | L29: perimetrale
B30: da ritirare presso: | F30: guida anticaduta | H30: si | I30: no | L30: retro scaletta
F31: guardiacorpo | H31: si | I31: no | L31: assente
B32: CONTROLLI | F32: OSSERVAZIONI | J32: PROVVEDIMENTI
B33: ESAME GENERALE DELLA STRUTTURA PORTANTE E CONTROLLO DI EVENTUALI LESIONI E ANOMALIE COSTRUTTIVE | F33: Nessuna | J33: Nessuno
B34: VERIFICA DEL SISTEMA ANTI-ACCESSO ALLA STRUTTURA METALLICA ED ESAME DELL'AREA CIRCOSTANTE | F34: Nessuna | J34: Nessuno

Sheet scheda struttura (2)
G3: SCHEDA TECNICA
F4: STRUTTURA AUTOPORTANTE | K4: Rev.: | L4: 1
K5: Pagina: | L5: 2 di 11
B6: STRUTTURA METALLICA
B7: CONTROLLI | F7: OSSERVAZIONI | J7: PROVVEDIMENTI
B8: ESAME SCALE DI ACCESSO | F8: Nessuna | J8: Nessuno
B9: ESAME DEI PIANEROTTOLI | F9: Nessuna | J9: Nessuno
B10: CARTELLONISTICA DI SICUREZZA | F10: Nessuna | J10: Nessuno
C12: Schema struttura

Sheet organi radianti
F3: SCHEDA TECNICA
F4: STRTTURA AUTOPORTANTE | K4: Rev.: | L4: 0
K5: Pagina: | L5: 3 di 11
B6: ORGANI RADIANTI E GUIDE D'ONDA
B8: totale celle radiomobili: | E8: 3 | F8: antenne per cella: | H8: 6+4+4
C10: lunghezza in mt
C11: quota in mt
C12: orientamento
C14: totale parabole: | E14: 3
C16: Ø
C17: quota
C18: gradi
C20: presenza di elementi obsoleti sulla struttura: | I20: si | J20: no
C21: posizione:
C22: descrizione:
D23: note:
B25: SISTEMI DI SOSTEGNO GUIDE D'ONDA
B26: Passerella portacavi centro torre | K26: \
B27: supporti a montante e/o faccia
B28: passerella portacavi a montanti e/o faccia
B30: altro:
B34: percorso orizzontale:

Sheet organi radianti (2)
F3: SCHEDA TECNICA
F4: STRUTTURA AUTOPORTANTE | K4: Rev.: | L4: 1
K5: Pagina: | L5: 4 di 11
B6: ORGANI RADIANTI E GUIDE D'ONDA
B7: CONTROLLI | F7: OSSERVAZIONI | J7: PROVVEDIMENTI
B8: ESAME DEGLI ATTACCHI PARABOLE E/O DELLE CELLE RADIOMOBILI | F8: PRESENZA DI PARTI OSSIDATE E DI BULLONERIA OSSIDATA | J8: PREVEDERE SPAZZOLATURA E ZINCATURA A FREDDO DELLE PARTI OSSIDATE; SOSTITUIRE BULLONERIA OSSIDATA
B9: ESAME SUPPORTI SDI SOSTEGNO E MORSETTI DI FISSAGGIO PER CAVI RF E GUIDE | F9: nessuna | J9: nessuna
B10: ESAME DELLA PASSERELLA PORTACAVI | F10: nessuna | J10: nessuna
B11: ESAME DEL PASSANTE STAGNO | F11: nessuna | J11: nessuna
B12: VERIFICA DEI COLLEGAMENTI A MASSA DEI CAVI COAX LATO PASSANTE STAGNO E DEL PASSANTE STAGNO | F12: nessuna | J12: nessuna

Sheet organi radianti (3)
F3: SCHEDA TECNICA
F4: STRUTTURA AUTOPORTANTE | K4: Rev.: | L4: 1
K5: Pagina: | L5: 5 di 11
B6: ORGANI RADIANTI E GUIDE D'ONDA
B7: SITUAZIONE PARABOLE
B8: modello parabola: | H8: diametro:
B9: modello parabola: | H9: diametro:
B10: modello parabola: | H10: diametro:
B11: modello parabola: | H11: diametro:
B12: modello parabola: | H12: diametro:
B14: CONTROLLI | F14: OSSERVAZIONI | J14: PROVVEDIMENTI
B15: VERIFICA SITUAZIONE CORPO PARABOLA | F15: nessuna | J15: nessuna
B16: VERIFICA SITUAZIONE RADOME | F16: nessuna | J16: nessuna
B17: VERIFICA SITUAZIONE ILLUMINATORE E RELATIVO COLLEGAMENTO A MASSA | F17: nessuna | J17: nessuna
B18: VERIFICA DEL TELAIO, CONTROTELAIO E PERNI DI FISSAGGIO | F18: nessuna | J18: nessuna
B19: VERIFICA DELLE VITI DI REGOLAZIONE | F19: nessuna | J19: nessuna
B20: VERIFICA DEI VITONI DI SOSTEGNO E DEI CONTROVENTI | F20: nessuna | J20: nessuna
B21: VERIFICA VISIVA DI EVENTUALI OSTACOLI ALLA PROPAGAZIONE | F21: nessuna | J21: nessuna

Sheet BULLONERIA
F3: SCHEDA TECNICA
F4: STRUTTURA AUTOPORTANTE | K4: Rev.: | L4: 1
K5: Pagina: | L5: 6 di 11
B6: BULLONERIA
B7: tipo: | F7: zincatura elettrolitica | L7: assente
J8: antisvitamento: | L8: pall-nuts
F9: zincatura a bagno | L9: rond groover
B11: SERRAGGIO PER CAMPIONATURA CON CHIAVE DINAMOMETRICA
C13: strumento utilizzato: | F13: CHIAVE DINAMOMETRICA USAG 810N
D14: matricola n°: | F14: U08104006 | H14: scadenza taratura: | K14: 46569
C16: condizioni della prova: | F16: temperatura atmosferica | J16: °C
F17: temperatura sup. metallo | J17: °C
B19: ELEMENTO MISURATO
B20: montante
B21: diagonale
B22: traverso
B24: N° CAMPIONI | D24: DIAMETRO | F24: CLASSE | H24: COPPIA DI SERRAGGIO | K24: RISULTATI PROVE
B25: >20% | D25: 80 | F25: 6.8 | H25: 100 | K25: n° | M25: >
K26: n° | M26: <
B27: >20% | D27: 36 | F27: 6.8 | H27: 100 | K27: n° | M27: >
K28: n° | M28: <
B29: >20% | D29: 24 | F29: 6.8 | H29: 100 | K29: n° | M29: >
K30: n° | M30: <
K31: n° | M31: >
K32: n° | M32: <
B33: osservazioni sulle prove eseguite:
B38: CONTROLLI | F38: OSSERVAZIONI | J38: PROVVEDIMENTI
B39: ESAME E CONTROLLO DELLA BULLONERIA | F39: PRESENZA DI BULLONERIA OSSIDATA | J39: PRESENZA DI BULLONERIA OSSIDATA
B40: Visita di controllo ai sensi della norma CNR - UNI 10011 art. 11,3

Sheet VERNICIATURA
F3: SCHEDA TECNICA
F4: STRUTTURA AUTOPORTANTE | K4: Rev.: | L4: 1
K5: Pagina: | L5: 7 di 11
B6: ESAME DELLA PROTEZIONE ANTIOSSIDO E DELLA VERNICIATURA
B7: protezione | D7: assente | F7: zincatura a caldo | J7: zincatura a freddo
B8: verniciatura | D8: assente | F8: parziale | H8: totale | J8: colore | K8: BIANCO
D9: sov diurno: | F9: assente
B11: RILIEVI PER CAMPIONATURA CON SPESSIMETRO DELLA VERNICIATURA | H11: RILIEVO OSSIDAZIONE SUPERFICIALE
B12: strumento utilizzato:
B13: matr. n°:
B14: scadenza taratura:
C15: condizioni della prova:
B16: temperatura atmosferica | F16: °C
B17: temperatura sup. metallo | F17: °C | H17: pianerottoli
B19: ELEMENTO MISURATO | E19: VALORE RILEVATO
H20: attacchi celle
H22: attacchi parabole
B24: Presenza di ossidazione sulla struttura: | H24: scale di salita
C25: si | E25: no
B26: ubicazione tracce di ossidazione:
B27: pianerottoli | E27: struttura metallica | H27: struttura metallica
B28: attacchi celle | E28: passerella portacavi
B29: attacchi parabola | E29: ancoraggi
B30: entra in centrale | H30: passerella portacavi
B32: altro: | H32: ancoraggi
B34: CONTROLLI | F34: OSSERVAZIONI | J34: PROVVEDIMENTI
B35: ESAME DELLA PROTEZIONE ANTIOSSIDO E DELLA VERNICIATURA | F35: PRESENZA DI OSSIDAZIONI DELLA STRUTTURA METALLICA | J35: PREVEDERE SPAZZOLATURA E RIPRISTINO MEDIANTE ZINCATURA A FREDDO

Sheet TERRA
F3: SCHEDA TECNICA
F4: STRUTTURA AUTOPORTANTE | K4: Rev.: | L4: 1
K5: Pagina | L5: 8 di 11
B6: IMPIANTO DI TERRA E PARAFULMINE
B7: tipo di dispersore | E7: puntazza
C9: corda | E9: rame | G9: nudo | J9: sezione | K9: in mmq | L9: 50
C10: corda g/v
C11: bandella
C12: filo | E12: acciaio | G12: isolato
B15: calate sulla struttura | E15: si | F15: no | G15: n° | H15: calate sull'edificio | K15: si no n°
B17: collegamento alla terra di centrale | F17: si | G17: no
B19: collegamento alla gabbia di faraday | F19: si | G19: no
B21: note:
B25: IMPIANTO PARAFULMINE
B26: presente | D26: si | E26: no | H26: asta frankliana | J26: si | K26: no
C28: note:
B32: schema dell'impianto:
C33: collegameneto tramite puntazza che scarica a terra fino alla puntazza
B36: CONTROLLI | F36: OSSERVAZIONI | J36: PROVVEDIMENTI
B37: VERIFICA DELLA MESSA A TERRA DELLA STRUTTURA | F37: nessuna | J37: nessuno
B39: VERIFICA DELL'IMPIANTO PARAFULMINE | F39: nessuna | J39: nessuno

Sheet SOV
F3: SCHEDA TECNICA
F4: STRUTTURA AUTOPORTANTE | K4: Rev.: | L4: 1
K5: Pagina: | L5: 9 di 11
B6: SOV ED IMPIANTO ELETTRICO
C8: sov diurno | E8: assente | G8: solo terzo superiore | K8: totale
C9: corretta alternanza settori della sequenza rosso-bianco-rosso | K9: si | L9: no
C11: l'impianto sov notturno è presente: | G11: si | I11: no
C12: numero segnalatori luminosi n°
C13: altezza massima sov notturno: | I13: in cima | J13: intermedia ( h = | M13: )
E15: i segnalatori luminosi sono del tipo:
E16: a doppia lampada (e/r)
E17: a singola lampada
E18: altro
D19: tutti funzionanti: | G19: si | H19: no
C21: i cavi di alimentazione o le guaine portacavi sono fissate alla struttura | K21: si | L21: no
C22: le calate sono: | E22: interne alla sagoma | I22: lungo i montanti
C23: attraverso un sistema che risulta allo stato odierno:
D24: idoneo, ben saldo e integro;
D25: danneggiato nelle seguenti parti:
B28: quadro elettrico:
C29: alimentazione: | E29: c/c | F29: c/a | H29: da rete | I29: da batterie
C30: interruttore crepuscolare: | G30: si | I30: no
C31: alimentatore (UPS): | G31: si | I31: no
C32: scaricatori | G32: si | I32: no
C33: il quadro elettrico risulta: | G33: integro nelle sue componenti, si apre e si chiude regolarmente e le guarnizioni di tenuta ed i pressacavi sono integri. Al suo interno non compaiono traccie d'acqua, di ossido e di quant'altro possa precluderne la funzionalità.
G37: danneggiato nelle seguenti parti:

Sheet fondazioni
F3: SCHEDA TECNICA
F4: STRUTTURA AUTOPORTANTE | K4: Rev.: | L4: 1
K5: Pagina | L5: 10 di 11
B6: FONDAZIONI
B7: TIPOLOGIA | F7: ANCORAGGI | J7: NOTE
C10: Pianta struttura
B34: CONTROLLI | F34: OSSERVAZIONI | J34: PROVVEDIMENTI
B35: ESAME DEI PLINTI | F35: Nessuna | J35: Nessuno
B36: CONTROLLO BULLONI DI ANCORAGGIO E TIRAFONDI | F36: Nessuna | J36: Nessuno
B37: VERIFICA AREA STRUTTURA | F37: Nessuna | J37: Nessuno

Sheet riferimenti normativi
F3: SCHEDA TECNICA
F4: STRUTTURA AUTOPORTANTE | K4: Rev.: | L4: 1
K5: Pagina: | L5: 11 di 11
B6: RISPONDENZA NORMATIVA
C8: Corrispondenza della struttura ai disegni di riferimento forniti | K8: si | L8: no
B9: Rispondenza normativa dei pianerottoli
C10: Numero totale dei parapetti installati | H10: di altezza utile pari a mt.
C11: Definibili parapetti normali (altezza utile di almeno un metro, buono stato di conservazione, resistenti, costituiti da almeno due correnti distanti tra loro non più di mm. 500 ed idonei per resistere all'impiego ed alle condizioni ambientali)
K13: si | L13: no
C14: Verifica dell'efficienza dei sistemi di anti-salita installati sul sito | K14: si | L14: no
C15: Ogni singolo parapetto è completo di fascia continua distante al massimo mm. 10 dal piano di calpestio ed alta min. mm 150
K16: si | L16: no
C17: Regolare funzionamento del dispositivo anticaduta (per scale safety o soll)
K18: si | L18: no
B19: Rispondenza normativa della bulloneria
C20: I bulloni utilizzati sulla struttura risultano idonei per le attuali normative | K20: si | L20: no
C21: Bulloneria considerata obsoleta o fuori norma | I21: tipo | K21: settore
B22: Verifica del sistemi antiaccesso alla struttura ed esame dell'area circostante
C23: Il sistema di antiaccesso alla struttura è installato regolarmente ed è efficiente al momento della prova
K24: si | L24: no
C25: La recintazione dell'area del sito è integra, i cancelli di accesso ed i relativi dispositivi di sicurezza risultano funzionanti e liberi nel movimento
K26: si | L26: no
C27: L'area del sito risulta libera da materiali di scarto o obsoleti | K27: si | L27: no
C28: Presenza di cartellonistica di sicurezza completa e ben visibile | K28: si | L28: no
B29: Scale di salita
C30: Tipo (vedere fascicolo di verifica manufatti metallici - scala di accesso)
C31: la scala di salita risulta sicura e rispondente a norma | K31: si | L31: no
C33: note: | D33: La Committenza, non ha fornito progetti esecutivi e/o di massima di riferimento
D35: SOSTITUIRE BULLONERIA OSSIDATA; SPAZZOLARE PUNTI DI RUGGINE ESTESI SUI MONTANTI DI BASE DEL TRALICCIO; RIPRISTINARE GABBI PARAUMO; FISSARE I CARTER DI PROTEZIONE DELLA SALITA CAVI IN MODO ADEGUATO E NON CON DEI CONTRAPPESI CEMENTIZZI. Non si riportano differenze visive né di carico né di peggioramento della struttura rispetto ai sopralluoghi da noi effettuati nell'anno 2024.
C44: data di emissione | F44: tecnico abilitato | I44: Direttore Tecnico
C45: 46218 | F45: Ing. Stefano Lenti | I45: Ing. Stefano Lenti

Sheet inquadramento
B8: Documentazione fotografica
E25: 1_Inquadramento Generale
B32: CODICE SITO: | D32: =testalino!E37 -> 0 | G32: NOME SITO: | I32: =testalino!I37 -> 0
B33: Indirizzo: | D33: =testalino!E38 -> 0 | G33: Comune: | I33: =testalino!I38 -> 0
B34: Data sopralluogo: | D34: =testalino!H33 -> 46218 | G34: Tipologia Documento: Allegato fotografico Sopralluogo

Sheet vista 1
E29: 2_Vista generale del sito
B32: CODICE SITO: | D32: =testalino!E37 -> 0 | G32: NOME SITO: | I32: =testalino!I37 -> 0
B33: Indirizzo: | D33: =testalino!E38 -> 0 | G33: Comune: | I33: =testalino!I38 -> 0
B34: Data sopralluogo: | D34: =testalino!H33 -> 46218 | G34: Tipologia Documento: Allegato fotografico Sopralluogo

Sheet vista 2
D29: 3_Dettaglio antenne
B32: CODICE SITO: | D32: =testalino!E37 -> 0 | G32: NOME SITO: | I32: =testalino!I37 -> 0
B33: Indirizzo: | D33: =testalino!E38 -> 0 | G33: Comune: | I33: =testalino!I38 -> 0
B34: Data sopralluogo: | D34: =testalino!H33 -> 46218 | G34: Tipologia Documento: Allegato fotografico Sopralluogo

Sheet vista 3
E29: 3_Dettaglio fondazione
B32: CODICE SITO: | D32: =testalino!E37 -> 0 | G32: NOME SITO: | I32: =testalino!I37 -> 0
B33: Indirizzo: | D33: =testalino!E38 -> 0 | G33: Comune: | I33: =testalino!I38 -> 0
B34: Data sopralluogo: | D34: =testalino!H33 -> 46218 | G34: Tipologia Documento: Allegato fotografico Sopralluogo

Sheet vista 4
E29: 4_Gabbia parauomo
B32: CODICE SITO: | D32: =testalino!E37 -> 0 | G32: NOME SITO: | I32: =testalino!I37 -> 0
B33: Indirizzo: | D33: =testalino!E38 -> 0 | G33: Comune: | I33: =testalino!I38 -> 0
B34: Data sopralluogo: | D34: =testalino!H33 -> 46218 | G34: Tipologia Documento: Allegato fotografico Sopralluogo

Sheet vista 5
E28: 5_Carter da fissare in modo adeguato
B32: CODICE SITO: | D32: =testalino!E37 -> 0 | G32: NOME SITO: | I32: =testalino!I37 -> 0
B33: Indirizzo: | D33: =testalino!E38 -> 0 | G33: Comune: | I33: =testalino!I38 -> 0
B34: Data sopralluogo: | D34: =testalino!H33 -> 46218 | G34: Tipologia Documento: Allegato fotografico Sopralluogo
